name,price,url
Диван Льери Мини Velvet Light,64 990,https://www.divan.ru/product/divan-leri-mini-velvet-light
Диван Нумо Velvet Yellow,36 990,https://www.divan.ru/product/divan-numo-velvet-yellow
Диван Тут Рядом Дом Серо-графитовый,72 990,https://www.divan.ru/product/divan-tut-ryadom-dom-sero-grafitovyj
Диван угловой Эби-1 Velvet Coral,72 990,https://www.divan.ru/product/divan-uglovoj-ebi-1-velvet-coral
Диван Бонент Velvet Eclipse,74 990,https://www.divan.ru/product/divan-bonent-velvet-eclipse
Диван Нумо Мини Textile Yellow,24 990,https://www.divan.ru/product/divan-numo-mini-textile-yellow
Диван Тут Рядом Космос Светло-Бежевый,109 990,https://www.divan.ru/product/divan-tut-ryadom-kosmos-svetlo-bejevyj
Диван Линс Velvet Navy Blue,32 990,https://www.divan.ru/product/divan-lins-velvet-navy-blue
Кресло Тут Рядом Дом Сине-бежевый,50 990,https://www.divan.ru/product/kreslo-tut-ryadom-dom-sine-bejevyj
Диван угловой Эдвин Velvet Smoke,72 990,https://www.divan.ru/product/divan-uglovoj-edvin-velvet-smoke
Диван Бруквиль Velvet Blue,49 990,https://www.divan.ru/product/divan-brukvil-velvet-blue
Диван Байма Velvet Grey,69 990,https://www.divan.ru/product/divan-bajma-velvet-grey
Диван Спейс Velvet Beige,62 990,https://www.divan.ru/product/divan-spejs-velvet-beige
Диван угловой Беллер Textile Yellow,40 990,https://www.divan.ru/product/divan-uglovoj-beller-textile-yellow
Кресло Бенел Cozy Ivory,33 990,https://www.divan.ru/product/kreslo-benel-cozy-ivory
Диван Нумо Velvet Grafit,36 990,https://www.divan.ru/product/divan-numo-velvet-grafit
Кресло-кровать Маре Мини Velvet Grafit,20 990,https://www.divan.ru/product/kreslo-krovat-mare-mini-velvet-grafit
Диван Клаймар Velvet Beige,56 990,https://www.divan.ru/product/divan-klajmar-velvet-beige
Пуф Тут Рядом Дом Серо-графитовый,15 990,https://www.divan.ru/product/puf-tut-ryadom-dom-sero-grafitovyj
Диван Марей Soft Grey,89 990,https://www.divan.ru/product/divan-marej-soft-grey
Диван Сваут Velvet Grey,64 990,https://www.divan.ru/product/divan-svaut-velvet-grey
Кресло Бенел Cozy Beige,33 990,https://www.divan.ru/product/kreslo-benel-cozy-beige
Диван Линс Velvet Grafit,32 990,https://www.divan.ru/product/divan-lins-velvet-grafit
Диван Лесли Velvet Mint,46 990,https://www.divan.ru/product/divan-lesli-velvet-mint
Диван угловой Аронт Мини Velvet Pink,56 990,https://www.divan.ru/product/divan-uglovoj-aront-mini-velvet-pink
Диван Рейли Velvet Coral,32 990,https://www.divan.ru/product/divan-rejli-velvet-coral
Диван угловой Вайвел Barhat Forest,89 990,https://www.divan.ru/product/divan-uglovoj-vajvel-barhat-forest
Диван Бруквиль Velvet Smoke,49 990,https://www.divan.ru/product/divan-brukvil-velvet-smoke
Пуф Тут Рядом Красавчик Светло-бежевый,34 990,https://www.divan.ru/product/puf-tut-ryadom-krasavchik-svetlo-bejevyj
Диван Коренс Happy Grey,29 990,https://www.divan.ru/product/divan-korens-happy-grey
Диван угловой Шера Velvet Light,99 990,https://www.divan.ru/product/divan-uglovoj-shera-velve-light
Диван Види Textile Ocean,23 990,https://www.divan.ru/product/divan-vidi-textile-ocean
Пуф Тут Рядом Дом Зеленый,15 990,https://www.divan.ru/product/puf-tut-ryadom-dom-zelenyj
Кресло Пайл Barhat Beige,22 990,https://www.divan.ru/product/kreslo-pajl-barhat-beige
Модульный диван Brera-2 Velour Mix,105 980,https://www.divan.ru/product/modulnyj-divan-brera-2-velour-mix
Кресло Гета Soft Silver,30 990,https://www.divan.ru/product/kreslo-geta-soft-silver
Диван угловой Нумо Velvet Yellow,46 990,https://www.divan.ru/product/divan-uglovoj-numo-velvet-yellow
Модульный диван Нолан-B 3 Soft Jungle,114 970,https://www.divan.ru/product/modulnyj-divan-nolan-b-3-soft-jungle
Диван Тут Рядом Дом Сине-бежевый,72 990,https://www.divan.ru/product/divan-tut-ryadom-dom-sine-bejevyj
Кресло Элвит Cozy Ivory,28 990,https://www.divan.ru/product/kreslo-elvit-cozy-ivory
Диван Сваут Velvet Mustard,64 990,https://www.divan.ru/product/divan-svaut-velvet-mustard
Кресло Рибс Velvet Beige,27 990,https://www.divan.ru/product/kreslo-ribs-velvet-beige
Пуф Кропс Bucle Smoky,7990,https://www.divan.ru/product/puf-krops-bucle-smoky
Пуф Лонди Cozy Beige,11 990,https://www.divan.ru/product/puf-londi-cozy-beige
Диван Мисл Barhat Mint,74 990,https://www.divan.ru/product/divan-misl-barhat-mint
Диван угловой Мейлон Velvet Eclipse,49 990,https://www.divan.ru/product/divan-uglovoj-mejlon-velvet-eclipse
Кресло Тут Рядом Дом Розовый,50 990,https://www.divan.ru/product/kreslo-tut-ryadom-dom-rozovyj
Диван Нумо Мини Textile Light,24 990,https://www.divan.ru/product/divan-numo-mini-textile-light
